x1,x2,x3,x4,x5,x6,x7,x8,x9,x10,y
33.05738110000574,20.88441784369834,2.891925434357364,13.383582168239816,6.820926311909899,11.63180829687396,5.999378191159888,49.94687634105704,18.0466604847511,6.780821284298549,672.2599579986439
27.74469703497506,28.233026832571188,6.652332656676022,22.15970310537171,9.867732090915073,3.34567289733491,34.565165724880195,38.41625534722789,45.11675866741197,8.363358165607433,458.29214365560983
1.7930440110666908,6.066539501142052,1.7554275917468116,8.388669496113597,8.837519221061333,16.494126254625936,19.312797017912846,32.0541315687536,11.451996641016066,8.122810395145999,198.40315297475314
26.725148977393673,8.948723868785045,5.485292518078006,13.698392252490514,0.4410369434598622,14.018675713810222,37.13574019905037,1.2821797211100585,51.586455788317885,3.6440338678661592,17.29349183152901
0.12613595294307667,20.93550370543588,5.052763776415486,12.314186495549178,10.304707574858524,14.901429049006179,43.62031289790885,31.15474393383985,45.049641935569085,0.3484921209076104,123.78615132313391
23.789544686712723,18.85408285853248,13.54287690872264,21.73871754369762,10.747563647069645,9.871463733830893,56.57063589632927,39.34808757406926,21.206485431809092,4.277356116978368,303.84823466483425
15.511030081858424,32.85212430501321,9.444484769419114,19.850410964283704,3.696342273047967,11.742787114660954,24.279136448050796,13.712390732828489,2.536599876728104,5.3776861567312775,357.84666101978735
32.89932436824605,43.44753781523164,12.604325273499775,21.28750644467456,6.425679541029826,6.9401567786739555,56.25415323839236,4.781805121870191,43.98969619008801,4.239022307190943,314.2805856712954
27.345819256508303,21.837368733547567,4.853980389367326,3.1613356240490535,4.778289551769642,16.539692248639543,45.97369091234735,21.874422727701152,6.761901906921395,1.980417574860664,277.93287773141606
23.26382000088592,8.693287225865888,1.827295442455397,12.594315493331113,3.325795605055559,6.312247904579486,35.76868861541306,36.909268476230025,26.050741533749736,3.2170743404280477,228.28302666832133
15.967909025310565,27.47845770100763,3.6749060889617624,16.242084170724084,8.4344264839408,4.434011151961274,47.13334909488709,46.22609883705377,53.631276929057655,6.071439053299045,310.45050411924933
6.052650399619861,21.271425589628212,7.611664290495775,15.69548807629571,1.001773352986301,0.06987824617560501,29.996489187515827,5.256103595981455,29.823512224881128,0.22334367126475152,66.00170065223254
28.364084887654048,7.326998735659506,14.633980794342332,21.250740163538232,4.093082792719352,9.804916948811414,43.13303527704077,46.16367936862375,41.15259143773889,4.331637540234816,291.7267143491063
28.63317711197348,4.871102203464683,12.229020692280246,5.424545608355008,0.37088181012186516,0.7500588936788335,9.841249791422214,15.909821690541884,60.15415367399205,5.673146545943533,262.72697560015195
18.590651223613303,33.54366776692429,14.36252064197212,3.824745673301553,5.436648507010691,13.969137330212247,10.579495218492584,32.71437569214518,41.829365754823066,0.9618907635441315,567.5950911943133
14.643803393652712,29.801425079020635,14.708298669688496,3.6210635333196217,3.6149334978166703,12.281827983961016,35.96340981533299,51.69062601569383,46.391975429634485,4.3895557001586,449.30602927314806
11.323333962663074,11.172613007751508,9.239188469983493,17.331047318927514,10.800416185464435,8.833733963063992,41.90351040676743,49.827304121449984,3.0168212378452424,5.859393130216213,306.7480230147205
21.20524128622977,18.414483379339007,4.951121778518618,14.641796856139889,3.914614566651312,6.461779361225986,24.607013208128294,8.975467883815572,11.705294319706347,1.622597625903519,231.18983023711317
8.586991088228272,25.500456695116373,5.962919693916852,8.240499453961254,4.23043251006108,4.826760434580194,23.470364162029096,46.98578828956085,0.355246832251332,3.407263919121331,432.8230222520957
34.00579600781292,20.67660631141642,0.3924531110171986,21.842157531063243,9.016291758449787,2.2830774326181733,5.177836423655666,29.820210003256395,42.765020421446096,0.21468421154732142,529.2317185667574
32.56093246448656,4.761631485848338,4.310706044284011,0.8510578849586236,4.260456996946278,5.235418143248675,41.13315361963869,30.921009740612238,50.922008791354976,5.905807995210135,196.9382931065021
8.508605891157567,37.92832813979086,6.979876250241325,3.0000600514856957,10.46857900228926,7.409502322177207,32.60553557721278,62.82013536997792,33.11487051210383,3.3294404713597396,573.700958404645
13.173491224908505,19.127753746822748,11.027750599455867,14.372446385261288,2.9198564407756686,2.32240229067878,44.1815543553512,9.639976756472379,15.857628717252936,8.907326342365062,86.43665730593548
10.08189579668859,20.779422949388962,14.265037579924595,11.432663999148334,5.654208566066824,15.60243323587126,21.195302718739466,60.457172507364184,12.378923032109519,0.634350120134967,518.7464558105141
13.697956941595587,44.96517800366751,1.6946353110532901,3.7572387747188944,1.4314692271774372,13.455479390939175,50.91443520908308,59.61969029303296,40.7958844956577,3.747068136608671,448.7018495315409
3.1823255552458134,39.45564331327276,5.767750084949219,20.418328811348676,3.670450883660877,0.5598134009261146,26.739650317281665,19.131541544454326,5.061580920407302,3.287004006759629,325.7143314719356
6.529197598506205,36.27764024706018,8.288435005579496,7.736493079146889,1.270248936462799,0.9725965896583371,37.56562232003762,57.1073907082255,11.98937743420754,2.4045850978076135,445.42729337795873
8.705307737498039,29.407170504205986,13.843498463566544,12.178999472841614,8.613077369074153,11.420466092137621,15.160433747914793,27.101108588334103,25.693414054824373,0.8884956219215696,444.5544391758138
8.731239137563252,33.21614166276093,9.926936096946884,7.812271404528188,2.6781952252564882,8.724157930994243,12.730379885323527,4.1738277499284395,3.119201391332169,0.8990188381810273,337.0998403247222
32.07634398534664,1.2314691390738646,13.181724822928919,8.522016526612916,0.4869391783945979,9.073960615342175,12.114506062982999,22.26883174925525,0.6627191714335297,3.909576373988151,356.18997976401096
21.48546543308144,41.06118353188091,1.302708457594669,13.96014681672603,7.621392434379877,15.953248312881257,51.68718008127788,47.79245843005315,47.64806837611224,7.344298254184948,437.1692298890835
8.784542603113668,11.744251895993683,13.647810843223908,5.545580726879524,7.847433604032071,14.099373489004028,14.985309783223553,46.50278113129817,22.91509717832828,1.2578819163846522,414.53481753666995
20.614510312565148,24.669885128435208,3.701544162308922,11.895467135815116,9.517588601275849,7.123007882183282,27.40288175693421,66.38487137238893,50.212573702182816,1.6277062618642621,547.8425314625703
19.22272886077806,43.906550157963856,9.704333872531608,7.2658048325485005,0.5032196289207936,10.423677118225543,49.43691057300637,11.781859324657068,20.34694652675236,0.7236398590901647,283.3463280859189
3.069109728059711,17.435039322323554,0.9319372503803153,22.859073230287773,2.0934416975997316,2.9319781873702615,28.982772595635307,38.089330512710234,49.70203955727871,2.3331289719241584,147.2138621216761
15.427838910782993,24.700140938977757,10.910719067967811,0.38199124039678056,5.065057463783962,16.311141698913577,15.97933672934456,12.628759673930075,43.48811030256524,3.6740442483135993,328.1291446228826
25.370195872419004,18.50000734360389,12.448330149043182,21.71931782697386,2.3347304668889826,2.6957869053942183,1.426692736904125,44.900884397315906,10.853300015413033,1.3993470219071804,602.5028557889241
18.73976223958025,0.520285563743641,3.488397664166248,14.644389518543028,0.003120157610484231,5.624556330801445,26.810910608401446,25.306827935390203,20.99383154096124,2.283564585455684,110.18906876720992
31.989632862192302,8.48224645266789,3.033434696738447,6.511308594812261,1.4393827040077545,15.913386907994123,53.13059510974822,31.50075934071895,52.99028205329302,1.2306976787711938,121.02432151631353
14.009200661657694,24.194334293400303,4.569602247387507,11.073288395538686,5.5589651671330635,2.8158717191556457,8.87426597996371,11.255926890863979,29.405535827532255,5.480301787790198,330.8642226220688
26.151952535418978,28.114516735803523,12.444458017613721,3.343430158211478,10.397818759482117,10.074578773599155,30.095339064445117,38.94304840787005,28.68653248335753,4.510056461831405,552.3151859707821
3.5073858532292035,35.95198825634292,10.088487858249074,2.9032410137155047,3.5677467905278855,4.542640324305713,11.602855008851948,37.33583656304226,22.27733283991479,3.804466171007042,495.375637780728
15.581168152536858,30.597262301993297,4.205920770117676,17.0253037103114,5.844396111104743,10.507159446055471,55.07497935065145,52.05497480814578,41.8138710076977,1.4837783897633163,302.17835616356643
14.815984219260356,37.12344002578583,14.126465366153438,15.854259175083579,7.520643648790398,10.64646461571632,38.92470503249735,7.5846960486349,16.393917184638156,6.418605344453661,311.78176822762003
22.2275884813284,33.026777678045036,14.921689646627808,21.95293789910111,3.38871052256621,10.52658759004268,12.276839350977175,21.59068859497762,17.59082816924405,6.631230758634638,530.9171473353621
33.03134598904686,16.877044070247035,14.87295852348725,1.5627671184951724,3.6504166594813565,10.705625464884879,42.63172595069832,27.05231336997615,12.79022406743345,0.9092012105397156,347.47708248621785
22.80963585303802,33.46308086338867,8.879172552514017,17.463162487051516,10.737898729728496,4.811942794324761,25.0398430049736,48.45222247912396,1.0258948519049866,2.348798935157265,648.7201965679245
5.5639340885302,44.19410030044462,14.022017882717615,13.795169138282803,2.1529343754538375,11.44716127967803,38.04809249085174,64.62157267456925,50.231809811133104,6.4908258781420685,521.9867440237473
14.49409598075106,21.390853822768634,9.665825454117902,15.192871144178536,9.875803567704526,16.546760704695632,6.154534343372995,64.4761790029997,61.0223232313402,5.1947383954124655,609.147261747741
10.991039149583779,32.296871686228,7.091008966831164,3.997815296621778,0.15310211770688087,2.926099417871068,30.76272293892779,22.349371639840417,15.971566210544246,4.124947510831976,297.0383644755986
14.170267376545597,29.552569226885257,12.038981211998246,19.413523482992424,1.149753106494415,13.970144515245954,8.233446559930139,34.73744046685602,63.685199624426865,3.916610903261233,448.1908717977171
21.653565650399063,9.462428121550262,5.281588159355322,9.020735408691182,5.272423507934426,11.053661379916036,22.10346005718196,41.424314060783814,39.12641271482492,7.681846309806212,345.92057281869074
10.30573977751694,14.033075669191629,1.2530217187920418,9.715356538106317,9.266327513739139,15.489283637685029,44.53224388998262,54.26054688628219,1.8601961555026918,8.670668156232853,288.092155113415
28.66870756802248,0.8322682221067551,13.796986445373363,13.12796949836498,3.2862325978708053,13.69086648489349,40.3688322664609,51.32795077210171,43.810377681696885,8.30702868335488,298.12101223991715
8.915180464238034,21.48344950306246,9.81067737221354,11.025945084699012,8.28879545290599,4.528947934425085,53.436063340334314,24.11768907765731,57.349532137921294,6.705151641909273,86.9642605705653
3.3917351210697944,23.68725955183738,8.128226232637859,16.334684527347523,1.8341184404643642,12.233203764685836,3.146971673562173,1.7531435547842358,17.980542490381737,3.563157741296072,229.76118481218595
33.617377904353155,39.69532704429002,11.777781543764934,21.992830583787846,5.002616923367132,4.325859930330034,38.34100610515635,28.42006856505878,35.47415599079839,5.831957770182864,517.8638030850013
1.9722443898921749,15.459150512972501,10.857371671697594,6.802019475181068,4.525727121554231,8.672841215571452,10.382840667371587,4.3363610551262015,60.827255544666265,6.95698387532432,120.10544865195388
23.722172742525277,34.46324494915628,0.6248979405431371,3.8887309430534316,8.023389318486705,10.218820211797558,32.511271608720804,54.881054315925475,36.00105167336739,2.852448889885049,572.4278950832597
22.637255847968195,27.70337670838802,12.941939482910868,19.462404692716813,6.363574055431446,2.526562012192395,11.762331215271303,63.00089871970836,25.44378157668939,8.435710803651602,712.3853294376073
24.535917367031676,13.691499340782876,12.642480283387961,3.4373675509786823,8.13918640647373,9.129603416366256,6.512808708055558,10.754640064175575,3.7903896196408198,3.8272659147221213,424.826897119475
30.810188779500226,25.26739783414759,4.56443179169904,21.802492653069855,7.787799784653403,15.541492018666329,21.73477210700457,21.746016406061024,62.023705099686524,7.903618137671058,408.3072536871027
2.2772421340486,7.186548136312624,9.232857263387595,4.216823515093124,1.5046979049476412,1.3565474250934049,53.13008000015187,37.87054213427195,13.840360240547035,0.04418351202156823,8.079701039010972
23.46062900033294,8.719777025979889,13.74786124889724,4.397152444804364,8.464300647124105,15.177763238417752,6.890629098791093,37.45681615730318,43.55602388484273,4.112278009375871,478.70672715188044
27.41366123028154,7.0821132862331275,14.077104135531668,20.53923893980733,5.209745546145508,16.396417570311048,17.803057847960304,30.183068973574912,20.29822326279519,0.6387862042550418,376.32420540471975
29.271024550546795,16.871911921404614,2.754010492170897,21.53332494395493,2.0583949035575326,6.03898449280975,30.642990718842967,65.71269850060334,47.84473935797558,4.930047863086552,475.9140230292575
12.345464051480906,12.610192160879855,7.255519765968136,3.454434506239226,10.462587551203171,15.534144026446056,30.77727567431404,18.584068209685846,12.947935872010035,6.446122037303473,220.31827945282424
1.5365176201289694,19.991496390507432,2.7265661927562523,22.856083842531795,3.2160587581634923,4.682023061724964,1.815208886844671,0.5028657439948244,29.822263921889544,3.6977081875227644,149.78564862146285
18.86559611958001,33.342761283927004,7.875806958354876,21.63246952301603,9.808464689522221,4.271672313103917,7.998226482837756,15.815509919262482,46.59635866075625,4.064250191304496,476.00012148675336
31.348006020198916,41.796103160269126,1.0842415687733604,19.439712032784527,8.520417709978995,8.171088298924474,40.269116800853055,20.9395049273902,49.075394440379384,7.999586316467763,429.5268463607205
12.329387194009993,42.631220738720856,3.1159389066350296,9.235740095120445,4.0725920109744544,13.071294115285717,10.867064350926345,19.782313593879753,43.255207045924145,5.658288096734154,459.4392842930995
6.166235105703816,42.35657501075293,6.57228045041506,1.0171590168228422,10.752929097395308,13.721501768761883,28.74431746746837,15.49497996209814,57.96213334486804,6.717026346864428,340.99699290033055
10.095415044411391,2.411376787413862,6.680512995361705,12.838383291376877,6.115649854301531,16.592869923427063,38.26037226975981,9.228148751069305,11.747231594173392,3.0763609029677834,-14.009653828486023
3.7963762255718696,35.864978183114175,3.957855700825523,10.648933401079823,6.109757031696938,12.14813804995303,5.918091692531966,45.18463532580843,12.266515976700134,4.644479698462618,565.6269023820025
30.682805285429627,44.13056582786859,2.0336084158247303,5.118411107946202,9.642749966108356,11.683939961672907,37.98003405030891,66.61920800216778,6.058156062806027,6.635804161897251,791.4311746854233
16.708203137881817,7.699663962994203,12.853860411479308,16.76546005779193,3.9144928104883254,3.976943688769659,29.16003962057634,8.951227425663056,63.41148719659048,1.4003332338718946,70.4861241158291
24.644746264245324,2.3112304942913102,12.858064264549514,20.83295108167056,5.564641622206248,2.2049099239040637,28.479861452195923,49.55900033339012,42.717353789950934,7.709737536849936,334.58958752274447
33.7119846984786,41.92481891089087,5.327138529080805,22.35324606346256,3.3921199138135325,8.604881127315226,48.22559815484008,32.28999588989622,25.95843724963661,5.4926588094834035,465.14440008733584
0.8384976641048403,7.991088185097112,6.628186264010759,9.083282825393262,0.17944760024560114,0.2766443955796295,39.085439455795914,57.81801159611845,8.309440514817432,3.374527859325894,172.61478673165598
17.263008226429452,21.335201044978657,10.375998880667648,13.499462591584804,2.564253566374204,5.296108213194014,31.5265156799996,43.311335393427754,20.602431513144964,4.323412251031721,381.3715525269605
19.755826431434134,29.605455673394797,3.4168429415917445,19.211963501202735,3.2679316817551882,5.444896523024008,41.40906012329962,54.22980377330077,14.343314772258395,0.18649508870075948,435.51797589836013
2.204760809633588,33.41649824514948,11.77484270611463,7.38635421398016,8.764165413059033,12.406988175762967,49.702799071739165,16.367269268545407,29.924904788319914,8.057522579196249,158.96318643227062
20.580802169431053,2.8428709337848246,13.520793569286448,4.772674719495341,8.270717004499993,8.222005798593754,20.098038177592773,55.304136253539845,13.930221215214509,1.7574833465371282,459.5664244755498
7.345158504897041,23.4830010184418,9.88777133601134,12.012484537373554,4.1434074092499,16.17985889034047,11.456102900351514,38.24799129088831,59.75857632704064,4.94604217356846,379.55036702194496
14.786163558726551,41.73649107682913,14.994917600191997,9.199650092085035,10.682986635422736,9.264939560816527,35.15770839933655,14.36425546409108,43.084938138018984,0.9484100204833332,400.6185375754998
7.62508383345425,38.06375943367003,12.360001721308047,9.393970980130078,10.210413318402455,1.891380330285277,40.995901008947236,44.61045011468817,30.180986260587126,5.977952217670332,447.5572894429412
17.72610412207705,34.12580070196767,0.5603094539122283,0.5185695695050222,0.008558834721339226,16.36450540784997,18.902487847071594,35.36803425222715,44.496371199189674,6.657156785931379,440.72697373739305
24.11721182228066,41.57878032533063,6.026473510051485,10.948582161379866,8.000871905449603,9.41947615718662,30.823292033420607,0.38274421270093595,49.444953917114056,3.5952094834767805,355.9738592342178
5.229129905374758,1.6333658753001385,0.6136662877935023,3.7765896734801765,3.4454965249763565,9.834320739079999,44.75785839299939,5.290004064564436,14.697006471986498,0.7851723767513786,-161.72221279860693
4.362407100837941,26.28471168623201,6.132801060042831,1.9991402573721893,5.59438687301663,15.338825475048107,25.02006816601022,53.575326803027245,63.58713048367194,3.2741047088562603,376.4700062503232
5.406211629778902,35.97532041387863,5.570323306662668,13.676436790455309,9.593179455806972,11.616368500007049,28.408704786117745,0.3572585845194175,6.386087620179531,1.4467062076986834,246.24995884561153
21.290141130801555,34.76985871096074,9.017119719423889,16.0567266967828,9.270401600647052,1.4144333906872886,35.76921040529668,32.02235285217355,23.19188861297682,0.5414443644423375,462.3217236597614
21.426686214452502,2.214497321010174,11.458195852042621,14.786114058227023,5.436185411225177,4.0154728884505975,5.36423590476188,40.322574323793866,56.32963308637935,7.93568424153192,382.7118959072407
4.389916530623217,34.52747180544138,0.4141779433849413,11.103756878914515,9.413238841528674,12.054514016588907,28.03524653482743,36.644992625489124,18.789930634144127,1.6593738368744129,377.674443759139
7.55023781046562,11.282313156984628,5.941931906395172,22.602288859098813,3.898816956563203,8.45592643820685,42.6546412480778,7.737762598404707,45.73497892035613,7.278956929826488,-78.49266667490174
9.923317264115216,22.699486058065556,6.700146150988586,3.224643622409172,9.157012343259558,14.274014094188207,2.1140044574403287,35.599095981946014,39.75766264107896,8.663103084139731,478.7497611661262
26.217618373502468,41.326630827103656,13.761765328195256,12.813815814707967,7.752915745706129,15.388921184215485,1.9812555238859808,41.746141859831496,48.971361083170336,1.118424688989161,774.0952091114418
34.2406804208167,1.949975331278904,9.316074924318743,9.726763025686044,4.1878393082297425,2.1893910602522,24.253965884479,28.822612629137584,62.2723310960624,5.169470856188048,271.4780585472099
6.033172228000372,4.624537099932107,8.79074857719402,13.868635817644122,7.181342891453744,16.937346379737956,14.065685301466527,9.775544118759948,63.40318304888005,8.27736555433413,75.24669223949094
12.380992525418302,9.425809264092482,5.550650706448209,21.956770242642467,4.537623532357659,11.817018288368816,45.067562065474426,46.608296868597435,30.604615153161,8.752938633540895,149.6041193273203
32.191014701903846,14.973357504057677,0.1959128625749862,9.042181803846415,0.9798041215260171,1.3950373130326614,44.46339401990419,65.96419721971652,18.189319450917566,2.865245206414963,425.5719146612021
31.918177605386184,4.340353324983086,1.4598196166474908,11.9877143809953,1.5393554845133615,3.583083797804738,22.286181646105714,64.89325321798378,28.124493683383847,7.035215780796015,464.93435508243596
22.248832273939204,24.95629024349799,8.153792335528282,16.762474806248193,6.277809876663941,12.566266524881609,55.789888263433205,44.425143505387894,38.16456982304803,5.674188884964676,310.34796364005024
23.16499299779364,19.784410652490546,8.395501158942961,20.272824815989036,5.529363775369949,9.489515230767612,13.634771465543274,11.345606409834819,47.48930653314205,4.443007642135629,324.0360714946677
23.624658579861144,11.999372337672664,12.80625896501777,6.1576687462535755,2.145522483805568,16.97869082526347,39.3341678313243,21.3080911513117,62.77118135820436,6.880954981045215,155.02940686803947
25.38240816635623,9.011083755686876,9.361740473177013,5.339117550053063,3.9075869563763925,15.72678472353555,41.218538296319814,42.18089827763986,47.02757378303093,4.7782976515136095,260.6950550729549
28.21706585010318,25.911512248991112,3.9327703675703236,9.372554805599032,3.1317552422770545,1.9885784749629143,33.28170993120079,35.329285399466976,46.44875526164998,7.463892618268426,383.3133870191806
5.134337257765013,39.55119978819891,2.2859721003995115,6.415511315029924,1.1984797389669746,6.242223506177294,18.862848490126137,61.26635147988306,43.672502220194595,0.7782075861526923,532.891009639406
23.104911098666552,41.81501369655848,11.739731090836537,7.79733199234639,4.3666210747688385,10.505943321146841,12.92309319738291,2.8839480503219175,44.73413722950136,2.388545634284726,460.79707226560885
19.873085185846975,16.28655824125456,14.756962038714448,4.180215136304564,7.792990319740315,4.682989239513849,28.16979417464852,62.71495639705796,2.4293078268973787,4.5223643280748895,566.863641330365
21.97074712994019,32.10508038944858,0.4360149444853878,9.1767529959461,1.2391794348154002,15.161991019521215,36.26717988632248,52.557593706347355,54.270760125000514,7.361770750867529,423.38850791080904
34.479073383863984,3.990481786013709,14.056571151453468,5.776927981501302,6.994530238460109,7.513948198949389,34.195254028366975,50.8576312140961,54.29002242932175,7.070979700699264,412.46971347801303
24.1505859990821,1.0822283971252515,5.541409031846316,8.339581400749765,6.837482084978037,2.2531515030167677,7.665015320888345,59.93444849673949,63.10251514105668,3.8641360281165,450.3367494194462
9.908752007117428,37.07494903017344,0.7530472984933057,1.0900330802951372,7.129663433269777,5.133093401195566,46.92078788938413,1.1662596011296946,21.932198159921576,3.154180710525311,132.95171252145386
15.078331016138929,36.44034737244695,6.494677764176463,7.2988451234226135,0.5572486283678686,2.0037340695622685,12.074027923773754,43.286665992665725,4.1098744292419696,5.903382848407153,584.1024319500506
1.3061381749253942,3.9042180552465604,12.154345659944745,18.549181235986193,5.1717765624579854,4.888522981137249,10.058694765318164,36.28935070639872,59.7740423614187,5.403907027272667,186.55791733664785
8.708997210181806,43.79784593294618,14.651157506259592,16.54949973946279,1.5580908482803806,7.821486087482281,43.86780360306089,18.850570191245414,9.917010212542891,3.567017119012839,309.97225869664476
27.335160156279873,30.390908485818183,1.3163169283754284,11.60806748108456,2.4101023302754254,15.976404858229476,1.00396340675861,1.3732089745732137,46.31365344307682,0.6457572680481162,400.9633158184221
9.248540956286783,3.550905235097507,7.808222002255863,5.01782083074142,7.44846057874195,12.645828396028609,57.44200196512869,17.634375871404863,40.69538978406129,6.536756658009477,-89.31440111644649
10.859780659104679,44.17797496010315,0.5694764205164315,2.84862236091081,3.8314798109255737,1.9366642305099036,53.799818532776,6.009903362157849,19.718603284659928,7.016127107497038,161.6952967155857
7.053800168380874,23.732202635151133,7.450554939457988,10.493977913686473,6.486114120708318,7.410959333154379,18.594679647119573,0.9172476063156523,51.98023960020484,5.984098095799856,154.6038267936651
8.802869365410132,0.9962010280575206,5.371393570632116,2.5189735996177376,5.553033082261698,1.6253081895091446,9.75800558682675,13.204514050312907,33.533895549493444,7.4563363512871454,115.36771280294565
22.571113223471166,30.700756635355184,10.64962135205594,13.205773989980965,8.762685840614765,11.919129760906953,48.938814944463175,65.59698324511791,3.6841534439839947,6.488194346474189,572.7785016886658
20.285578475778976,43.20066828654123,4.505125813227443,9.239965091267912,1.6899090972451971,14.76045599811992,25.537969966478304,2.7301967820040023,61.955695179082866,2.8194899584386266,313.64686143793784
7.0484563150651125,21.655179083800995,4.9104176176827306,1.5681543937241316,3.220301727613812,1.8297657449759233,9.067219085961726,23.122722001338033,30.143200290291055,2.8351941775363505,299.2067268487121
7.9554528461749285,8.796833183807998,13.404185899722215,5.367849720909009,7.066635623422666,14.262385327414865,37.77131740790998,0.4492415749472417,51.98048450415805,8.637609805069278,-24.84175331164311
15.791019439485577,2.467806092923066,10.026072750798447,4.000728540096922,3.05065020697944,15.524715574589589,20.809566610983808,12.457119560799768,10.009295536989164,6.492504877741546,151.92455489265163
3.2063177422019633,31.492220968997234,0.8649752210041028,22.455536345197416,2.5975271770917403,10.75703005191154,29.40878754121592,55.822344843830194,41.38602863083748,4.644825583671258,359.27298616956875
12.281747475178113,25.16916995059259,7.277155897639572,0.6312715866332219,6.2091996400594995,5.667144824015943,17.220916530223775,44.45911979337642,3.2553275698762008,5.192511175953314,499.9255976408692
28.24942722577807,38.91287683972689,1.4750332986165182,22.82771378577312,4.438594523040241,1.715174195421894,7.273174374720085,58.421587917388955,59.30334469185794,4.40637881565928,729.4027497981166
9.818076856018108,12.15565220588867,6.9232413619036635,13.988795140194282,1.8168077327345236,15.115922703136265,8.408837147385542,43.278553179322586,16.68365482300642,8.780716965363695,372.7995395189291
1.2020688204454872,11.60275225926792,11.615579926411984,9.723049457879666,9.879271490367714,6.930671784123128,2.8082367219155073,33.11251932979555,9.854613551058378,6.371407241850491,376.81921320187536
2.8185767315313464,15.800466045274868,9.615845101935134,22.942746481334343,2.7787700144044774,5.07219968199614,10.80081748235239,28.732844474648857,56.347466397673486,5.855654399068163,212.82198731374228
23.816710382636625,30.813378957239678,12.285531803814289,15.39649603014021,3.346949915601703,2.2486818715343824,56.45731338769216,61.96930955897094,50.127913109210816,2.39546484640147,413.76948995434924
15.407921571532059,4.213949670239984,7.246402577671009,15.372144730891343,9.279347705967503,7.844602025094415,30.66528737266048,54.32945121094137,42.09761369581758,4.200788940733371,308.8361331704952
12.278124092039636,14.665783054255312,9.218609711115725,18.104039079606142,8.63451002959307,10.368962534611855,23.605198563253015,33.20077864641567,6.786642315158851,8.645035562496785,339.1876394145694
16.20368487363827,6.055353426070014,3.9180979899657133,2.0055877702619314,6.329165820934922,6.617846130578059,27.39532561874703,3.7917320941651282,51.96827439202694,8.006554026315676,31.468488312048372
0.38393538257185944,2.1238116766286534,13.014552005532925,21.351305148187127,10.482084398755347,16.737483173882342,5.788159656920911,33.2460134767509,18.180845210514683,5.49893992185924,265.5212272811887
10.894185942624974,18.657272833153996,8.80333716673537,0.8053229951063865,7.934919862672556,14.757794811883436,33.404254933374375,6.889784277399031,15.747371973032948,4.310528011699066,163.6526621142331
22.282278162126712,20.628150585177494,6.368789730447069,20.71373078729535,6.386735199186221,9.80675567845707,56.0864796809997,7.579861327932811,50.44984609878686,5.564929783680009,46.22706567246849
10.149417390830543,31.03965039125474,14.650134834261706,13.252396753591606,8.353182411752499,4.30382480860438,25.062487203953157,11.08919505958272,12.768196149017442,3.2830417809871086,342.15450747955236
23.159267037813787,31.194104230641972,5.262081217856622,13.175997472583695,0.362406517770528,7.016028685057664,53.6440973151046,21.606098396789026,43.27410325200718,5.097945938334969,187.3221513409391
10.480590144748511,21.563222699835364,2.2955647958776004,21.870458959539192,5.85885455853367,6.159716168546556,32.984436965687685,50.27724698924721,40.88747550157881,6.143228410714171,314.9556739895676
27.854261809508248,5.445496705815498,2.5895511800492215,21.984121029705097,9.139014152045462,7.097330690322458,11.935917105945855,49.72249517265789,54.201444835026365,2.3806749753816483,438.60457124587765
6.891046544861104,20.353227868315184,5.6365398934157165,13.09643343061071,1.1068531966910955,0.15643397914351942,34.24632415789068,31.548891272090703,58.52217516145952,5.187434651920665,142.39355276513422
14.217125614617899,27.86013796531398,2.888816667369282,11.975181439410216,5.62744120779486,16.34384897490282,4.444869821222037,32.22297549180848,23.039781566245026,6.545882604586816,493.7101357106947
14.750324204747129,24.474565386948875,7.807286148289195,15.707415710113157,8.954811381201425,5.472476534771645,11.482498909203345,28.40690802280042,8.129022971528876,6.974893671138889,469.7172975811207
19.564791413041956,8.313616762544145,10.64830056124662,3.426054678527132,5.569993484206379,3.042462381980781,33.54708922235398,17.366501397288637,36.75729802203515,5.920873623541572,147.38183501811235
9.39124417973516,29.704055139321486,3.6211693203578337,3.0385576024703704,8.927652833286267,8.022290816416835,38.91352402301518,43.510763160251116,0.16679376244591992,5.30058003645617,395.7310200643606
13.89319807333776,22.07302930509574,4.603762774972806,0.16344123073202899,7.9438634268777335,14.934332717474277,13.789973219748042,27.373657864790555,10.987166078614628,0.5878550410579093,420.070025544532
23.404825080853758,37.84432584545347,0.36160571823162235,9.392399580373556,6.717707687128362,8.543068891163449,30.531244472615473,16.080621830732024,24.46637768251886,1.989068449051203,386.003319057144
24.95390762689173,17.138047049034558,7.991139753505709,3.620068843597727,0.4663955422942102,15.585290812063107,25.87998851645512,46.929203194518564,59.40885572958245,2.4367200199329577,382.60732666393994
0.023232849234627317,16.182380291611693,8.992818512671416,1.8348700676808272,6.9561899535432214,1.1388207695975032,44.30123561205851,2.96146005425462,5.772327369718347,0.7771723308725564,-12.82582165967667
2.5499373629263204,14.337327466322098,14.921932323688095,7.377810958330736,6.120341022964526,2.394971526740389,41.884492030337015,64.84052753454114,22.613072768126997,2.0582117492047196,317.425718561819
18.451619143070594,38.44267126551847,13.048661038938153,1.6264524595276777,0.23615057145302543,16.247627468619232,47.839620956524804,11.022678593177645,39.332305952142725,5.715825958034167,237.9632990015354
4.375508252661323,12.837546100862266,2.8221171801848692,7.061368760935857,8.015711631841732,11.636911510788968,34.895489832058004,46.49452778368889,28.632287631050644,2.8630423379330874,209.2021249825307
34.43189336905888,23.488340213777597,5.686748343817209,3.2770068233329877,7.463129250108926,7.982885532151598,55.1822504028047,38.29426125918553,54.9996734985922,6.723166554618999,337.2358956182951
31.633555913919498,25.98084738419496,6.000780455050776,4.960093504958635,8.41887844546451,10.599097239155217,11.681622717556243,57.94726985729025,56.50683564271183,3.638861523148816,699.0307712446004
22.711590347631333,8.191541147400605,14.45864168140073,11.379497386240816,6.548408777118943,16.288459667485135,12.702313443755692,34.11649326167177,35.59326864198081,7.308674109055493,420.9432902247034
22.36658749313398,22.873805076817316,6.466243830258218,18.869887646699116,5.160827855696061,7.401058391683379,26.169107901172676,60.58130331852452,53.18646334740426,0.8701295217289392,495.93121432618756
7.21308504970209,5.135308135837543,7.480288519701791,9.25919254909196,10.45527063584731,12.08901047285629,7.031526625584192,11.67173849236238,14.244002954143845,3.8405435309403724,206.27386350445923
30.912690185736096,1.8362952070124279,4.786929549070044,13.96305083640334,9.150472598392712,10.242883910313145,20.48933306696041,53.35493535353615,58.96492561783945,2.9593026676000385,414.7734724020858
0.8815097564204827,19.563009728003955,9.14410874833278,20.925552459316606,4.931056785790976,3.4330609103691527,56.8030142668839,40.887406751942294,48.02294554772966,2.2963447196686895,57.50836485716742
8.932562231746052,36.61181826319244,14.953887284200793,22.101251180658622,3.491791806202798,8.178708254327258,32.4599388384895,0.9927882424045419,14.774325579681566,5.497552924073661,241.2582430297645
1.9225554637976767,24.423547944283634,7.457207770878613,12.51778260843781,9.019759585405414,1.8918255428525304,52.73329881446141,22.42902689286859,58.14351039483501,8.55579361684592,40.75183820099311
16.31684183448504,15.685536663022793,0.926758879335633,14.337423812181967,2.9390069281695346,3.505922981918773,23.02261686793266,44.32634967985287,10.771412950331666,5.216119706393239,350.60007911636853
33.77174618245975,22.12352266420544,5.846400206207308,0.5611143265832692,4.84493491890468,16.466677362984676,37.31579016114693,3.345097080049741,53.46803021091607,0.15550500797193567,224.32869068735573
28.89925069550483,3.1309945839153825,5.973298570465863,0.5001368787942271,0.5474039844773946,1.6977991448284284,13.94687211539189,31.833133970899823,57.05096510756224,5.662368946625772,285.7039104148796
17.489097936496844,6.554712615311301,4.1079646993357954,20.154396839005713,3.84476045739354,10.426815808549527,21.86024187080771,59.56776334664175,7.118281191785336,7.815072323576566,405.12922969092335
1.7209941396477324,7.278531720165725,7.411822926993944,9.43605354712878,8.03905444807957,7.586755816049669,38.11691416077967,31.34671800514595,47.326898372511,1.4239267777157814,54.5387576421289
23.438562564813203,14.975971673860226,9.313724830960048,11.852620014406723,3.47677001369334,2.9510318100261106,34.00852040269829,31.462311433110596,28.88843528462828,4.048378529007946,289.61034707431196
17.281431086977527,28.179916093572345,12.560575875272797,1.87303714200567,6.8372947226514205,12.46334514101302,11.71268297636553,52.59272442070861,12.82761077573334,0.33913736262511707,657.8585105006224
18.32712129317544,12.521386027545462,7.183620346939179,11.844462610009037,7.79822199190518,2.9619903767395632,22.09950157833428,55.39635540571227,43.73154263610456,5.35708321423769,428.532421476102
17.076551694192826,7.096503753926138,1.427324781954653,0.06709613030387407,3.706914334102837,5.71944778203135,31.683032704859315,38.73213163998666,10.2038157177072,5.86183158688162,235.27092153648613
18.80409054445993,30.98845719530172,13.384132895425946,14.950254322550833,6.083537691841221,9.47120048711525,19.983558812719263,40.95198521131281,10.497142482924318,2.2929479059708315,565.3752406903192
19.19377514358344,43.0791872631203,12.501512498376528,0.6529787316840725,5.619816804879235,2.8415389562313327,47.42831118640358,32.56371383172327,43.04520348695393,8.900948781961377,436.2091150547277
32.82279629219309,4.753242079234346,1.2708238087444261,21.808211653846246,6.3794731856118005,0.8329069957223068,5.067246034057422,32.0742182210875,31.552661027377738,4.780851478603434,417.32807596116095
2.324378970850952,12.95259903934789,4.293755589467112,10.592257921910813,8.535887797232531,3.0950165337324798,4.443877486568782,47.520274828408425,21.90150972111178,7.25626935922513,402.88650774922144
17.93068088034451,16.27313716288466,1.3997323842890426,1.3096952294164297,7.510228323288992,3.4756372234571913,29.569256429992567,51.6199999899086,34.33601046937033,6.040804583467757,391.79149830981424
0.20057452999918512,33.637492091322244,11.658349177197463,6.626664711737526,10.709659905995835,9.615932282022769,49.38946718205949,18.567173553436273,46.412730078729666,1.462359529682541,148.73208132847347
21.692913830328497,10.944651033317324,10.38102817422144,4.708946889453703,2.7346730767439356,11.757740279701997,20.058397098836885,39.011515760603515,37.86398958952381,3.2565899038953976,358.5928956274621
4.2592287533864015,38.551674657249656,5.363114436138046,4.165671659317977,6.745457441444136,16.115150565338478,57.74765122341505,25.76452018829366,57.194439147983694,7.386017069572795,156.58079843543973
7.150745639270635,40.324317340793165,11.797969237119629,18.51942448287014,0.447482015680974,9.621723840238069,37.00045641012047,26.17202710550795,18.003132554190202,2.355271940561316,325.9275448969847
26.87024884533317,36.044536726403955,13.916069745473592,3.3975725972031974,0.6900669945738895,6.5914504671328435,14.990809494342017,54.91552204667136,8.19406148021762,1.2190816082040288,756.3577149370554
31.34761486694099,39.246040403039004,5.190314173993944,7.202163089097059,10.510369526966816,14.472279536040782,32.42463639394165,64.21426643201333,36.47108221012332,7.363337105671395,746.1668050971587
29.748699357767837,34.2608760430441,6.507871760758101,21.48240284965441,9.141324242164533,7.988221089227494,38.42359570359378,51.1123274659902,14.235779172591116,6.710525697660166,600.5842348673766
16.545673073615248,27.58406770626812,9.549060549149782,13.831746207588719,8.057873386166952,10.258917417936782,51.403332939152754,35.870975964234184,50.026737212545434,2.4039863194196682,264.25225756606415
3.9051103979631234,12.3225896373299,14.2484023770174,20.102433345819193,5.738775163783131,11.925713139013538,55.54668124655513,0.5924280613399536,60.38943462003335,1.1031586033524303,-168.22465812157859
31.360770877047358,29.764826312317638,13.836640134847148,0.28169864332771266,6.8197810893430715,15.457453305556369,46.887712735823506,42.24506049847438,40.03047904465047,3.267344220222373,487.5416251002796
1.2932097465341996,38.78457396393276,0.12041838789284276,4.112324106296037,2.101558169913023,2.6565679641278988,19.36289868997766,21.745425303457502,37.33554043555459,2.2973941351233145,291.3876928640924
25.635441657261776,2.4666130277618112,5.691827375917631,13.247293822937078,7.343231838069665,3.823093550338779,15.887140275790685,11.35802931113826,56.17001273137651,7.438572975590517,180.83619809271613
21.343960670548924,27.65327841214579,14.441242460120897,9.19429765901602,1.2033665819708248,10.8001762753503,19.80889136038561,22.697132129178705,31.070989986578105,6.780157098011597,419.5147119206299
13.837208358381204,16.52938620566289,0.19853448512800798,21.490994080419,9.558752346855817,2.31800537439413,33.80488532494116,59.614869944907724,13.344179180872686,5.904336253608296,391.2838866472082
12.995395575727075,15.986257786057147,5.428546872837375,18.286237675956695,9.034952556814678,5.92457261428043,52.591600570378496,61.62169144709044,13.957392104349417,5.8400113768354105,300.0397604140891
7.575169175445873,39.02796238406806,14.610385449686486,11.377938604658318,4.617315812672513,14.775412538771677,34.51436200845836,35.5694506525042,50.886803796071575,4.444541423067445,379.8832970614583
9.775646980912839,8.702024876853637,2.520510461473095,9.705078879764436,0.7774443613918924,8.73212046517659,14.58740304361311,33.95654853121672,41.117522140032094,8.882623475947145,205.7964951848449
32.56527800525193,10.75762226741331,8.878538759935582,10.598041800257883,0.6034487936817519,13.52347277979022,2.0305793999329746,49.54397197120365,62.252912851096134,8.242841300354554,542.6821649013997
0.9484596079654833,2.224122597168943,7.751393933417089,2.7135049610605293,3.035952179394053,16.675384748552432,34.90244669363403,1.10117903623497,51.60106851400425,0.09377589352132876,-166.9501721487767
27.841184802013952,17.644280149120515,14.938654491875788,3.203800741756144,6.322386313779045,16.033752929337144,8.483426327857686,7.539192130113099,48.571355958320964,5.519402009798811,394.6986659628627
13.956608534935887,0.29986186989662655,3.4703665604408918,5.0562613381632335,4.743600086034685,12.189395437174154,47.91872512786348,18.182892608091812,23.268026359436895,2.5551692935762933,-42.8211868251709
22.7099699952414,18.293582472207497,13.337593558984672,9.704876834008017,4.438410537950661,15.816061056406568,5.694689388975582,57.87869958690841,40.97297921053865,3.770129050638518,624.7181265495802
0.382921055696831,4.1392179911085165,12.719075050506607,15.20807869030571,0.5138235123009103,5.507986674285336,11.002933187362048,58.07566893760676,17.199341096734415,7.3035015206833656,319.0547425246699
13.751550763573217,16.21253650392414,11.456914042550208,4.371201465615071,9.235577477086991,3.4643068981995415,31.73664680386172,48.484875109934556,22.294044121389454,0.3482559899230069,392.8267430809775
16.618293725437734,29.814302578904385,6.216012800549392,15.720412088836234,0.9058884148547767,14.733999161504709,49.85157643186417,10.173458575821119,36.0162713106674,3.132005301231356,111.54097335735658
4.096756456424751,44.45932858492869,14.255861331606694,13.982824504512719,6.1942347081404145,7.968091914592148,8.874639980956847,10.176141603654209,21.03605401342609,8.901618969229029,455.8225631732429
25.448902232163004,42.21757713883523,12.989259568543988,12.802482712856262,3.246971266098086,10.206970078541243,4.202533216788433,66.7547565511136,46.95338310424646,3.4117306086651373,865.6539117399993
4.047682863481389,5.982130393717434,14.689403074416886,21.464991879285073,9.749362122639273,16.036922847470823,6.811690142483943,66.63307021811309,56.43544699129888,5.993909624141072,453.26861327298406
24.792337925763487,5.350910361096004,1.801869897866455,7.121564535598974,10.785402054396103,16.736551131835608,13.832236605681906,38.2458396641798,54.12942750447813,4.3484249813291935,374.15473422187114
9.356706137956929,1.2233360164999878,4.727724043443104,17.40489713958275,2.1401230004897944,4.7106352839295464,19.118244142269816,63.294750452189916,15.100795337466877,6.9522414493544495,312.58842064219783
31.032673782501895,31.70862728297071,8.13526285096242,3.5077969404837845,6.225563971156265,16.33437421963345,55.9020609058739,21.63109499291909,49.60548920138761,5.169963251959544,308.0490726891855
2.2755022549762938,4.304580426944241,12.481697526613306,1.0621559594259598,1.0699921893036155,5.928623267661036,26.798953362437995,17.703334996215077,63.950566949683356,4.172010674709038,-16.631093674285754
2.0513022264477065,6.28864952068391,9.957115249685039,0.41510749603247776,2.4933672864764134,11.281274482773997,22.32034034567316,23.85906572507126,7.46476102771463,5.2337844056958085,135.99849697359392
24.35665217181821,5.583465080947693,5.3789086226561125,11.66020007740518,5.122833987592255,16.368202792568102,48.269584064897266,36.35526537015966,7.732226914193596,5.222317269326985,191.74355265979048
34.87338747251386,23.777687977660417,4.743746920460239,19.037376452280114,5.120221701480494,0.5776464914591543,8.360528892174761,27.576779995365953,48.74659713262576,0.5447893063191661,512.7604718704475
13.524888034719677,38.68383749452629,13.820385450229928,0.9422225583001084,2.8444415169521093,12.821013418094301,25.988015407572348,29.35178502750608,43.16561428431973,8.797313153070109,449.36997390877343
8.265521074840041,5.139070991113996,3.3087778545829973,14.755201068539328,8.867410407155488,8.529569273915936,39.23591140978196,19.217814501941906,29.800296701256386,1.2349070219732283,8.04490071576772
7.974795605956158,40.6555170744811,9.548535527391689,14.573484338914115,1.8621370903438352,16.260364029984434,18.717388453328006,12.003079495346821,7.4608145373342865,2.9317807192974388,384.4059454714647
8.921977075288135,24.906553612567883,14.092793974960593,3.207217458040609,2.2841103093379345,7.136828258612729,45.46223334544416,65.73930517170496,36.37121756352529,6.257356612251252,387.08744308834963
30.84950431623347,15.301615229389768,4.098466091098565,17.76334563445252,9.661984574057891,14.261303895027563,46.5214761599849,62.23434112159396,17.49455067181698,5.7873775423009866,459.37026721270144
10.125371772443646,16.748691192370767,0.4041040156887177,5.918426285074785,4.807649227641304,1.0454180000914262,4.495570556560919,32.12562646061535,10.225920776744559,8.307690640449021,391.5289755796798
2.178987884216212,44.10813511572114,2.615590616257583,17.74414254877166,7.865430680958864,15.646081474250563,15.45904548927749,21.81492737426449,5.2797443302088425,2.8502589685295585,449.986660528812
18.406343116671483,7.5339765696179315,9.009275290845714,15.317782726122388,3.034567199544688,4.194996941362171,12.241708758853035,26.63345677454532,0.2312394174566208,2.5178996875526662,333.86479467504137
26.526817505669378,20.18426960408828,13.20854783244991,22.66407663132961,1.2099594558093603,11.711012263053764,34.08067295054441,14.079029252710562,63.844367793069246,8.819729726381677,213.2115459296459
27.42312451635185,0.21510940351560648,8.843075454755862,14.904151441161407,1.242716017712387,10.616521241656393,11.527891351280783,48.059238814132925,29.51182771290012,3.85632259017439,395.7603247820984
0.5249332472329032,20.99749259375176,13.56886976450118,22.63337618027655,4.819445090142006,15.143049323337564,12.507711489142945,40.79267739872185,11.010819688727402,4.967062454962046,380.8903605038537
25.786465755861233,41.893759056299096,3.9351147243856994,4.976320839243569,1.6160160731952513,13.871470463842845,18.642909221229104,6.586491825454488,3.156591650630503,7.977837148196281,476.66726833815295
17.745583687709946,36.13648442080939,0.0919955934236577,15.023188267674078,5.3126802637400345,15.061746980185813,43.880984438351504,61.6958207359757,44.390883882801724,3.2878419608444864,464.87452129244474
17.351005616156357,15.226215284721823,1.5153998972795635,3.1397345202617934,1.1576689354302307,13.459918535088196,15.531125054082235,47.595967819614785,23.75520277987691,1.9255870379715496,398.372308964465
32.103241016361316,9.422789021836081,5.017708157374734,7.643234755338793,7.382254779112812,5.283045535508188,24.90975967292188,66.71116592253722,4.456394055325518,3.1070772955258636,589.6068564149614
10.3267151842265,26.368655390531085,9.910952737053906,11.147823133631674,1.5325393526878712,7.573993528122011,53.318553257333186,32.043409981321446,20.850943026646064,8.1437298392393,174.09529902629959
2.2952111743713215,30.715511455050212,12.889993500887279,12.719987544070788,7.608533280011864,5.000529889280209,16.608677710426722,57.88533188863073,61.02913531698736,5.560273688299832,513.0877641217753
30.728937365533337,44.865626316606196,5.507793836640936,19.581531022096506,4.292191557546768,0.4247736657358723,22.93709592127734,0.1468805081660497,55.54155512788767,1.0947074042883709,420.1306336068485
5.409994719566027,35.15651351118664,11.102844305120676,19.252449097389366,5.642251121432115,9.533663256878752,1.3143157291191891,9.75455365735005,16.370770181034153,3.8742187206230536,420.4691401980717
27.08739644724574,36.2939327841181,14.653138064483333,12.194053610420978,10.401937913456946,7.173876602894705,14.987102342067221,54.559174474448064,16.811672388637383,0.42185679706542534,803.7787254287849
7.311360398195687,43.78960906480013,0.5285227303560941,12.721303589588828,1.8331442639526032,14.645993602015677,48.61842784705831,49.4439923619515,49.1008708477376,3.5338097005700613,330.8388720118307
20.220147511119336,29.101093657542062,0.6389504341009711,8.434510474509743,10.262771194815082,3.2414777342800853,33.93270342526565,4.65430474445968,34.49160582654897,0.40139472799893705,235.88977662369183
14.706593494873983,44.43787927395854,5.340186296417489,18.31234870000279,2.3878187339755836,1.5142862550635863,4.918926705744548,23.773722814495255,16.156775280198097,7.370480126364175,560.0990678841979
13.945504399740535,39.44370887614487,8.330013054950388,5.027256868392879,2.5626560646150383,4.0530092365268695,8.780282188637507,13.619796992237571,2.6938736268000056,2.10329622011679,482.68054285769256
16.553100407545465,41.09194434368932,12.495750289820387,18.290134670216197,7.419878213593467,15.632289142557338,39.344149125289306,5.962109130865249,26.090699381061377,6.336025702063733,319.1033432096318
6.459666190694284,30.354598324735576,1.424284813085717,14.509058117120679,4.726175144962446,5.780452509366103,3.837925728994751,15.728299422663614,54.85428917440267,6.365382287154286,313.73093075343104
30.819188760933258,38.37747405565774,9.2045870395568,19.611790976011342,1.6160649980393922,4.298812821943404,47.264261641864145,12.373879541812189,54.50104360585955,2.1627919166007503,276.38228964946495
15.560995176245752,44.30445862204783,8.92371298127127,7.9396236129219,7.602393369935211,0.3866988093354674,35.464221444034166,42.074093983892816,61.646071470504964,7.166660712033781,494.67054784177975
14.654210075437211,1.4893167116907606,14.884791081989512,22.268982623213525,5.210836950267477,5.4121749242075445,18.250779214513194,36.68905251615879,57.23175179572907,5.153238125770541,232.0328891740759
6.873713977192527,7.111990695298839,4.606497727470829,21.58164274079646,3.564546709922368,16.085869802372763,19.40341025416802,44.28141583610238,55.976935678958895,4.243886798579861,194.22738623137778
21.4733400293853,35.11560559901622,2.2382896714547647,1.6161604038111155,4.151574242399985,7.011008397468939,2.2417615597661795,41.54458947488069,12.774354972430693,0.5976340323685174,672.9861980748134
6.419636823147455,39.430308872034345,10.736474339419608,22.965378282609482,3.30679523288301,16.155051721042337,30.039280785315256,51.106617272335505,17.13650744084856,0.6911082709202858,502.0490927824653
3.8421829123410904,18.001866638676614,7.29771933514592,11.676455132646959,3.408411619686289,1.723547716037919,54.34378790427574,1.4538353681958607,50.16695884431693,8.5849125953601,-138.81567947421027
11.96656800333409,33.25664533496263,12.211882221855037,9.738963669588367,5.733567429434624,4.716157127977274,21.465540274037565,8.134903401467852,49.43127912128536,7.464578772657914,307.9658420816115
31.618134686755646,24.489768555347098,11.454499814545132,5.014546853849287,2.1411858072169103,10.471952713208188,2.231057212363636,52.44275780821827,18.644777174669237,3.533330245109232,735.2680743692802
15.565439373423358,21.12130506389992,10.932870788882123,18.448125629664474,4.0595140191649355,8.224166251339765,20.345652613598347,5.6586202610117375,29.199092792924958,5.258459674499644,230.42956194468672
21.264437266392687,22.629009917526005,5.859906344482885,5.664161157594263,9.254725162155014,1.1297508564465557,36.48204884109566,7.397689991474408,13.509743342814843,4.148747729020822,243.18947280980004
28.346759527729564,44.466071087797054,12.914259745396505,5.002661702976719,7.006799981741442,10.997670109435143,23.178969606871593,64.85700256838284,41.2438809317435,3.4490707938014094,828.6410820251242
30.81841010425358,37.336088576499314,1.7473799477479146,14.03039252508731,3.9539219739430753,15.62254251632751,35.990232291272825,9.375468336950862,37.64590856500959,1.1841600349618473,343.2344617429215
4.7279557432961274,23.300134083204238,4.646770706669448,11.009655390396713,8.9886826687022,11.754999783137334,29.459717426361813,27.701763507343912,41.655389124887606,4.83741109971567,239.10919769583137
33.517581136880395,32.069487254129186,8.733231466956491,13.880522907688782,1.055937319010217,4.998343638293697,49.44604181356268,45.94239495317666,19.62435846663368,8.487531348135969,475.49839752710744
4.674419582676582,38.38917169509256,4.867338602873302,0.9989070573709435,5.213874057585961,0.7652495096780287,12.50018180118103,29.19160360472262,0.19580305222360295,2.698282390706277,489.45572226166263
30.44832462660733,31.926972376852866,12.238990496968702,22.701807899547628,4.288860796867776,8.148913078684203,33.19095956350597,48.7101644088337,17.198333629764072,0.9162008568683363,595.44795787044
34.08941661195201,28.335270416440565,10.003309508392094,20.47997582306027,7.0763426830476455,7.1830284736773224,24.922816869481945,57.600244061661876,14.860145030648624,0.9106956820698066,697.6159323778559
7.616911784548534,33.737983157928454,10.550341065990509,15.944640142479848,5.21115873992252,14.33028297081888,46.94093119723824,26.972293722212402,16.677809812020087,5.883593020004807,262.25724404976086
22.949163112095317,15.94823460346112,5.1955065359636645,15.95569286247385,9.035447137641487,7.904960311910425,43.01636732691847,48.372275364169475,35.38327817047851,1.3917765267662086,335.89786970733456
22.67443332908059,3.771776557558372,2.328975102781773,5.288619766692452,7.549042389156859,1.7001036875676843,22.449655728231352,2.339909876054431,56.79241057058926,5.12727753353434,81.7961518485037
1.741405123281385,33.737004447877624,2.6903987938047673,22.66269528090067,10.858129359749917,15.388422982249159,38.448684244879836,6.044631972136636,55.05660382977036,4.156470677963008,104.66799555690596
15.36148908540619,2.990288438257647,9.538078607697672,19.79562748729102,3.769532436229152,5.506289410240896,33.13334485472575,13.506561718819448,8.111464588959777,5.430551067838248,71.81917303760088
26.279361448399193,2.881274060675248,6.187752867047427,2.0862863826420712,7.018746392529774,13.278492381348531,32.944701628440995,17.879258073530856,47.03511786984099,4.016919055769475,146.90747653857778
18.809976176129574,18.449191218679097,5.880013857712434,0.2840783000445303,8.129727521364446,11.582136644341823,34.72583361344263,12.50169527397561,6.630553840000083,3.6247482036616976,245.7849486959141
28.848590926712266,9.645253376011134,7.2183978877537776,1.6572211704286826,8.797145740808045,6.109612284816442,50.635262356593095,65.45051259275016,16.009847649167142,5.678573170634789,431.35754096428815
11.060195295989642,8.524384241312974,11.112561599102062,0.7108001778321762,0.2565712232149122,10.983254522515315,53.32216563312794,25.578505046879027,52.334267010261414,8.158509909801667,-19.796130626444885
34.5889607051803,27.210399962319624,4.6687239631070305,7.776015085806356,0.4906296401898178,1.7038176252894708,35.25943826639154,27.153854538455537,60.23546689481083,2.7087913494078806,355.52738233949856
18.41889509117208,24.180372234902315,7.275011491453919,22.276992881839604,9.66687527232312,4.3220428483769915,57.46997196825001,19.631611200078456,60.70328192100814,4.451776216039709,107.38957507308146
12.76488949648508,9.550265278682255,1.5839575520451894,8.315714933833188,10.675470379357613,6.259127940240791,25.208680064890064,64.40514178785239,27.76461961338508,3.31885107408322,412.48133258475224
14.095403570147763,33.657789806567756,2.130382765151018,2.093626740986097,10.955256566167543,3.6507793093756273,50.79313321524726,26.203743027406492,57.68844662058378,3.0010339030169195,230.15996747594517
5.702857398383311,41.172240528282124,7.5897470628291765,20.381745723938547,4.91462426153352,0.31918239994903475,54.62395903475443,2.228165597042482,11.7723254765244,0.21773598762734747,104.93676928833345
30.643951763708568,9.474407583209844,7.293952665212788,11.633078172919719,1.8864053118621649,7.488608803318066,3.4301705138857415,27.227652835699807,28.17237786515664,3.6472890306265318,424.86470487328427
24.5552645853607,18.011287924142046,8.810830977939235,6.555078332550231,4.606029958021695,7.931976423790648,56.26762524634406,41.07180488372514,57.42461001701263,3.329053492949804,214.7982905772728
4.650545525533209,39.50615844829895,3.8223309558509797,21.540614820304796,5.13204023386769,14.468397130567661,3.5993692988593016,4.408748929781311,22.69815381301177,8.547892028554864,365.3216704435026
21.91959147765453,12.540258747825199,5.132530980925613,4.257272125268009,5.963603416926871,15.403990243610872,28.71302202821701,42.31000692979004,57.06634839528504,5.596789610088684,324.55497901988895
30.97012931235426,5.9073471265021364,1.1587241681352667,14.575072068170757,0.9095601750759055,2.0897689116827247,17.804755476386752,34.84218745589896,9.830680688691167,8.723790164747134,353.9473200997065
33.887722247698825,13.853041125111313,7.75889338168782,1.038653526422301,0.950415825569132,3.926402899575931,43.518663138096194,46.610021030121146,6.294727498060347,8.065737534859013,390.7374399505
17.52435724121596,6.188895451065708,10.51326930333569,20.84934416987592,8.336631963648625,2.0041211162390518,48.38022799273104,46.71209639109423,23.544038856980734,2.1348598888143413,211.70330675638195
19.05246487068589,32.52062379377656,6.474086366381082,0.019503482622024393,3.200303576679015,8.689016947590535,29.548944578626433,8.394936862888322,55.64363709243543,5.173870670816934,263.57153682637045
13.035505096332766,43.115190069183626,4.635162268052511,5.368084569885491,7.165046067574595,10.028696562770017,34.0896750725983,41.21762456774978,60.14077488335904,7.2056833284948985,463.53804829845353
33.771951180463766,20.187137310897768,14.906066751773716,8.116284266171059,10.03295890098929,13.073478004208571,37.48722505071697,58.22756714216994,53.449904689995556,4.870804086871701,566.6573166333548
13.899390767738794,34.93414744167231,0.42359882009510685,14.78135165836766,0.047575190560306124,8.155956292301378,49.20455004754256,43.067845089263834,33.10629318372304,8.52075533667337,281.7656661455448
31.10816626386754,37.23961549712753,14.786783830118559,11.276824528348342,10.113850558886202,0.03566920017765429,5.299533820359215,52.43351774678149,24.00816213568605,4.17659175916342,858.4849226837298
13.697524778178543,3.850755546786817,13.315313506261127,13.399016706914292,0.4223090680255147,10.915502879851136,10.050009177278335,13.988702928179967,15.29397915050832,1.7667200725809917,191.00648245955128
18.438471318342874,26.24444079850392,11.643147912233667,10.907402039528256,8.549032276719426,9.885511757466835,32.28729997411741,8.756293585120165,4.035339290423572,1.4335838821677696,317.22880807951094
2.0956174986917633,20.025009201123332,1.2118152790640024,15.126079048383446,0.42733279770177957,5.738580692051233,50.27443962173359,40.05816019348996,27.443930858942302,4.313956216572374,59.97533172126113
23.869586942100295,6.869401695616132,1.1538438893849012,17.636324444159936,7.448733669154038,10.815055648429002,43.617476858935014,10.808024770906231,55.013203993034836,7.187887862872802,24.452021136560624
17.545282468455657,2.284390057540462,1.7723075108918769,21.370930298407224,7.990117180431855,0.834862700991325,34.004399888200886,65.8372704212255,58.646357697681744,3.6280529262925163,281.9204816219681
26.329321703050695,38.099985630925204,8.149644713464784,16.37130687070867,10.829345764165346,10.471015100991291,50.24839534703546,21.728242510289057,27.167267460045856,4.394835604059299,383.133580235675
12.293749610865406,6.063774057888608,10.909620136409922,15.663282473361605,6.602895144106307,2.6751239556594744,19.39377718553349,9.662876186041132,2.880716294041953,5.413267493286633,168.1265775955613
14.473852902841234,43.438021007028,3.538668040390849,5.770766069260353,8.575039021244857,16.69086919840755,46.75600650834644,30.34591152751513,59.52261653719961,4.30090122674709,354.4895500813506
23.90032419107529,24.299937690790603,12.555216569728238,19.267655965730555,7.37277548115305,16.166254524917324,26.977945356855912,5.081540085696775,13.90848963012401,6.693832712847753,328.07509712405505
5.3152179943852875,11.811989649279685,6.432914143447607,21.979355231381952,0.12401854079038843,3.9308500696844106,36.436885696234434,4.794272933394907,22.52284811950188,4.094020010682228,-55.96559515059597
13.346942729583654,28.500246405092987,4.561253784469127,17.29822681304134,1.4068758696934038,11.760322229873745,37.523618491150444,27.54151215912798,30.11418154342463,8.409269918734413,241.57406385168187
1.0444154810454098,26.32160446381677,3.6342582899304166,11.483113781027285,0.7352999339760666,16.61693314807224,5.348601645764288,26.97054043852688,42.42904227413168,6.002969181105892,300.7603256138292
11.84668685796334,10.910769099329558,2.434059478282534,10.25964530819053,1.4621078724342917,15.916000967509877,49.92598867976883,15.612246895140178,48.218117804289676,0.2043547461909201,-69.67187911560183
23.801250774271498,20.949125252752122,11.980330727744837,22.94934249906735,0.8126008583056942,11.014076898036912,30.220055860059986,30.56605305292198,58.74576550931252,2.2034042480769607,302.2662411730228
24.093169883417648,9.371596832330143,4.7428465666109885,21.150692992552873,5.094973422023501,8.165151327208658,35.960691273519615,45.25304437310139,60.73450446515127,7.370539878638981,265.23281694571244
13.82241338440683,17.516370091202656,13.702704877055321,2.094706874041269,1.697083920058451,14.603730867625922,10.13130695502145,57.70787317086836,28.537147681392327,5.499257769375306,536.2601116307384
